File Name,Prompt,Full Response,Input Tokens Used,Output Tokens Used,Bug Line Number,Code Line with Bug,Reason for Bug
bitcount.py,"Please identify the bug in the following Python code snippet. 
                
Only indicate the location of the bug and the reason it is a bug (without providing a fix) in the format: 
                
Line Number: <Line number> (skip a line after the line number)
                
Line of Code: <Line of code with the bug> (skip a line after the code line)
                
Reason: <Reason without a fix>

Code:

def bitcount(n):
    count = 0
    while n:
        n ^= n - 1
        count += 1
    return count

","Line Number: 5

Line of Code: n ^= n - 1

Reason: Incorrect logic for calculating the bit count.",128,27,5,n ^= n - 1,Incorrect logic for calculating the bit count.
breadth_first_search.py,"Please identify the bug in the following Python code snippet. 
                
Only indicate the location of the bug and the reason it is a bug (without providing a fix) in the format: 
                
Line Number: <Line number> (skip a line after the line number)
                
Line of Code: <Line of code with the bug> (skip a line after the code line)
                
Reason: <Reason without a fix>

Code:

from collections import deque as Queue

def breadth_first_search(startnode, goalnode):
    queue = Queue()
    queue.append(startnode)

    nodesseen = set()
    nodesseen.add(startnode)

    while True:
        node = queue.popleft()

        if node is goalnode:
            return True
        else:
            queue.extend(node for node in node.successors if node not in nodesseen)
            nodesseen.update(node.successors)

    return False


","Line Number: 6 

Line of Code: queue.append(startnode)

Reason: The 'append' method should not be used to add elements to a Queue. Use the 'appendleft' method for Deque objects.",190,45,6,queue.append(startnode),The 'append' method should not be used to add elements to a Queue. Use the 'appendleft' method for Deque objects.
bucketsort.py,"Please identify the bug in the following Python code snippet. 
                
Only indicate the location of the bug and the reason it is a bug (without providing a fix) in the format: 
                
Line Number: <Line number> (skip a line after the line number)
                
Line of Code: <Line of code with the bug> (skip a line after the code line)
                
Reason: <Reason without a fix>

Code:
def bucketsort(arr, k):
    counts = [0] * k
    for x in arr:
        counts[x] += 1

    sorted_arr = []
    for i, count in enumerate(arr):
        sorted_arr.extend([i] * count)

    return sorted_arr


","Line Number: 6

Line of Code: for i, count in enumerate(arr):

Reason: The 'enumerate' function should be used with 'counts' list instead of 'arr'.",154,38,6,"for i, count in enumerate(arr):",The 'enumerate' function should be used with 'counts' list instead of 'arr'.
depth_first_search.py,"Please identify the bug in the following Python code snippet. 
                
Only indicate the location of the bug and the reason it is a bug (without providing a fix) in the format: 
                
Line Number: <Line number> (skip a line after the line number)
                
Line of Code: <Line of code with the bug> (skip a line after the code line)
                
Reason: <Reason without a fix>

Code:
def depth_first_search(startnode, goalnode):
    nodesvisited = set()

    def search_from(node):
        if node in nodesvisited:
            return False
        elif node is goalnode:
            return True
        else:
            return any(
                search_from(nextnode) for nextnode in node.successors
            )

    return search_from(startnode)


","Line Number: 11

Line of Code: if node is goalnode:

Reason: The 'is' operator should not be used to compare values in this context, it should be '=='.",169,40,11,if node is goalnode:,"The 'is' operator should not be used to compare values in this context, it should be '=='."
detect_cycle.py,"Please identify the bug in the following Python code snippet. 
                
Only indicate the location of the bug and the reason it is a bug (without providing a fix) in the format: 
                
Line Number: <Line number> (skip a line after the line number)
                
Line of Code: <Line of code with the bug> (skip a line after the code line)
                
Reason: <Reason without a fix>

Code:
def detect_cycle(node):
    hare = tortoise = node

    while True:
        if hare.successor is None:
            return False

        tortoise = tortoise.successor
        hare = hare.successor.successor

        if hare is tortoise:
            return True


","Line Number: 5

Line of Code: if hare.successor is None:

Reason: hare object does not have a 'successor' attribute.",153,31,5,if hare.successor is None:,hare object does not have a 'successor' attribute.
find_first_in_sorted.py,"Please identify the bug in the following Python code snippet. 
                
Only indicate the location of the bug and the reason it is a bug (without providing a fix) in the format: 
                
Line Number: <Line number> (skip a line after the line number)
                
Line of Code: <Line of code with the bug> (skip a line after the code line)
                
Reason: <Reason without a fix>

Code:
def find_first_in_sorted(arr, x):
    lo = 0
    hi = len(arr)

    while lo <= hi:
        mid = (lo + hi) // 2

        if x == arr[mid] and (mid == 0 or x != arr[mid - 1]):
            return mid

        elif x <= arr[mid]:
            hi = mid

        else:
            lo = mid + 1

    return -1

","Line Number: 4

Line of Code: hi = len(arr)

Reason: The 'hi' variable should be initialized to len(arr) - 1 to avoid the out-of-range index error.",188,41,4,hi = len(arr),The 'hi' variable should be initialized to len(arr) - 1 to avoid the out-of-range index error.
find_in_sorted.py,"Please identify the bug in the following Python code snippet. 
                
Only indicate the location of the bug and the reason it is a bug (without providing a fix) in the format: 
                
Line Number: <Line number> (skip a line after the line number)
                
Line of Code: <Line of code with the bug> (skip a line after the code line)
                
Reason: <Reason without a fix>

Code:
def find_in_sorted(arr, x):
    def binsearch(start, end):
        if start == end:
            return -1
        mid = start + (end - start) // 2
        if x < arr[mid]:
            return binsearch(start, mid)
        elif x > arr[mid]:
            return binsearch(mid, end)
        else:
            return mid

    return binsearch(0, len(arr))



","Line Number: 9

Line of Code: return binsearch(mid, end)

Reason: The recursive call to binsearch does not include checking the value at mid again, leading to a bug in the binary search logic.",184,45,9,"return binsearch(mid, end)","The recursive call to binsearch does not include checking the value at mid again, leading to a bug in the binary search logic."
flatten.py,"Please identify the bug in the following Python code snippet. 
                
Only indicate the location of the bug and the reason it is a bug (without providing a fix) in the format: 
                
Line Number: <Line number> (skip a line after the line number)
                
Line of Code: <Line of code with the bug> (skip a line after the code line)
                
Reason: <Reason without a fix>

Code:
def flatten(arr):
    for x in arr:
        if isinstance(x, list):
            for y in flatten(x):
                yield y
        else:
            yield flatten(x)


","Line Number: 7

Line of Code: else:
    
Reason: The `yield` statement inside the else block is calling the `flatten` function recursively, which would cause the function to return a generator object instead of yielding the flattened elements within the current recursion level.",131,55,7,else:,"The `yield` statement inside the else block is calling the `flatten` function recursively, which would cause the function to return a generator object instead of yielding the flattened elements within the current recursion level."
gcd.py,"Please identify the bug in the following Python code snippet. 
                
Only indicate the location of the bug and the reason it is a bug (without providing a fix) in the format: 
                
Line Number: <Line number> (skip a line after the line number)
                
Line of Code: <Line of code with the bug> (skip a line after the code line)
                
Reason: <Reason without a fix>

Code:
def gcd(a, b):
    if b == 0:
        return a
    else:
        return gcd(a % b, b)

","Line Number: 6

Line of Code: return gcd(a % b, b)

Reason: The modulus operator will return a negative value if one of the operands is negative, leading to incorrect results in the GCD calculation.",124,46,6,"return gcd(a % b, b)","The modulus operator will return a negative value if one of the operands is negative, leading to incorrect results in the GCD calculation."
get_factors.py,"Please identify the bug in the following Python code snippet. 
                
Only indicate the location of the bug and the reason it is a bug (without providing a fix) in the format: 
                
Line Number: <Line number> (skip a line after the line number)
                
Line of Code: <Line of code with the bug> (skip a line after the code line)
                
Reason: <Reason without a fix>

Code:

def get_factors(n):
    if n == 1:
        return []

    for i in range(2, int(n ** 0.5) + 1):
        if n % i == 0:
            return [i] + get_factors(n // i)

    return []

","Line Number: 8

Line of Code: return [i] + get_factors(n // i)

Reason: The code uses integer division (//) when calculating n // i instead of regular division (/), which may result in incorrect factorization if the division does not yield a whole number.",154,59,8,return [i] + get_factors(n // i),"The code uses integer division (//) when calculating n // i instead of regular division (/), which may result in incorrect factorization if the division does not yield a whole number."
hanoi.py,"Please identify the bug in the following Python code snippet. 
                
Only indicate the location of the bug and the reason it is a bug (without providing a fix) in the format: 
                
Line Number: <Line number> (skip a line after the line number)
                
Line of Code: <Line of code with the bug> (skip a line after the code line)
                
Reason: <Reason without a fix>

Code:
def hanoi(height, start=1, end=3):
    steps = []
    if height > 0:
        helper = ({1, 2, 3} - {start} - {end}).pop()
        steps.extend(hanoi(height - 1, start, helper))
        steps.append((start, helper))
        steps.extend(hanoi(height - 1, helper, end))

    return steps

","Line Number: 5

Line of Code: helper = ({1, 2, 3} - {start} - {end}).pop()

Reason: The bug is that the code does not handle cases where `start` and `end` are the same value, which causes an error when attempting to find the helper pole.",181,68,5,"helper = ({1, 2, 3} - {start} - {end}).pop()","The bug is that the code does not handle cases where `start` and `end` are the same value, which causes an error when attempting to find the helper pole."
is_valid_parenthesization.py,"Please identify the bug in the following Python code snippet. 
                
Only indicate the location of the bug and the reason it is a bug (without providing a fix) in the format: 
                
Line Number: <Line number> (skip a line after the line number)
                
Line of Code: <Line of code with the bug> (skip a line after the code line)
                
Reason: <Reason without a fix>

Code:

def is_valid_parenthesization(parens):
    depth = 0
    for paren in parens:
        if paren == '(':
            depth += 1
        else:
            depth -= 1
            if depth < 0:
                return False

    return True

","Line Number: 7

Line of Code:         else:
                
Reason: The code does not check if the final depth is 0 after iterating through all parentheses.",155,34,7,else:,The code does not check if the final depth is 0 after iterating through all parentheses.
kheapsort.py,"Please identify the bug in the following Python code snippet. 
                
Only indicate the location of the bug and the reason it is a bug (without providing a fix) in the format: 
                
Line Number: <Line number> (skip a line after the line number)
                
Line of Code: <Line of code with the bug> (skip a line after the code line)
                
Reason: <Reason without a fix>

Code:
def kheapsort(arr, k):
    import heapq

    heap = arr[:k]
    heapq.heapify(heap)

    for x in arr:
        yield heapq.heappushpop(heap, x)

    while heap:
        yield heapq.heappop(heap)

","Line Number: 8

Line of Code: yield heapq.heappushpop(heap, x)
 
Reason: heappushpop() method doesn't exist in the heapq module.",150,37,8,"yield heapq.heappushpop(heap, x)",heappushpop() method doesn't exist in the heapq module.
knapsack.py,"Please identify the bug in the following Python code snippet. 
                
Only indicate the location of the bug and the reason it is a bug (without providing a fix) in the format: 
                
Line Number: <Line number> (skip a line after the line number)
                
Line of Code: <Line of code with the bug> (skip a line after the code line)
                
Reason: <Reason without a fix>

Code:

def knapsack(capacity, items):
    from collections import defaultdict
    memo = defaultdict(int)

    for i in range(1, len(items) + 1):
        weight, value = items[i - 1]

        for j in range(1, capacity + 1):
            memo[i, j] = memo[i - 1, j]

            if weight < j:
                memo[i, j] = max(
                    memo[i, j],
                    value + memo[i - 1, j - weight]
                )

    return memo[len(items), capacity]
","Line Number: 12

Line of Code: if weight < j:

Reason: The condition should be <= rather than just < to include the situation where weight is equal to capacity.",214,37,12,if weight < j:,The condition should be <= rather than just < to include the situation where weight is equal to capacity.
kth.py,"Please identify the bug in the following Python code snippet. 
                
Only indicate the location of the bug and the reason it is a bug (without providing a fix) in the format: 
                
Line Number: <Line number> (skip a line after the line number)
                
Line of Code: <Line of code with the bug> (skip a line after the code line)
                
Reason: <Reason without a fix>

Code:
def kth(arr, k):
    pivot = arr[0]
    below = [x for x in arr if x < pivot]
    above = [x for x in arr if x > pivot]

    num_less = len(below)
    num_lessoreq = len(arr) - len(above)

    if k < num_less:
        return kth(below, k)
    elif k >= num_lessoreq:
        return kth(above, k)
    else:
        return pivot


","Line Number: 8

Line of Code: num_lessoreq = len(arr) - len(above)

Reason: The variable 'num_lessoreq' is calculated incorrectly, it should be taking into consideration the elements that are equal to the pivot.",200,52,8,num_lessoreq = len(arr) - len(above),"The variable 'num_lessoreq' is calculated incorrectly, it should be taking into consideration the elements that are equal to the pivot."
lcs_length.py,"Please identify the bug in the following Python code snippet. 
                
Only indicate the location of the bug and the reason it is a bug (without providing a fix) in the format: 
                
Line Number: <Line number> (skip a line after the line number)
                
Line of Code: <Line of code with the bug> (skip a line after the code line)
                
Reason: <Reason without a fix>

Code:
def lcs_length(s, t):
    from collections import Counter

    dp = Counter()

    for i in range(len(s)):
        for j in range(len(t)):
            if s[i] == t[j]:
                dp[i, j] = dp[i - 1, j] + 1

    return max(dp.values()) if dp else 0


","Line Number: 11

Line of Code: dp[i, j] = dp[i - 1, j] + 1

Reason: Incorrect usage of Counter() to store the values of the dynamic programming table.",170,45,11,"dp[i, j] = dp[i - 1, j] + 1",Incorrect usage of Counter() to store the values of the dynamic programming table.
levenshtein.py,"Please identify the bug in the following Python code snippet. 
                
Only indicate the location of the bug and the reason it is a bug (without providing a fix) in the format: 
                
Line Number: <Line number> (skip a line after the line number)
                
Line of Code: <Line of code with the bug> (skip a line after the code line)
                
Reason: <Reason without a fix>

Code:
def levenshtein(source, target):
    if source == '' or target == '':
        return len(source) or len(target)

    elif source[0] == target[0]:
        return 1 + levenshtein(source[1:], target[1:])

    else:
        return 1 + min(
            levenshtein(source,     target[1:]),
            levenshtein(source[1:], target[1:]),
            levenshtein(source[1:], target)
        )
","Line Number: 3

Line of Code:     return len(source) or len(target)
   
Reason: This line will always return the length of the source variable, even if it's equal to 0.",201,43,3,return len(source) or len(target),"This line will always return the length of the source variable, even if it's equal to 0."
lis.py,"Please identify the bug in the following Python code snippet. 
                
Only indicate the location of the bug and the reason it is a bug (without providing a fix) in the format: 
                
Line Number: <Line number> (skip a line after the line number)
                
Line of Code: <Line of code with the bug> (skip a line after the code line)
                
Reason: <Reason without a fix>

Code:

def lis(arr):
    ends = {}
    longest = 0

    for i, val in enumerate(arr):

        prefix_lengths = [j for j in range(1, longest + 1) if arr[ends[j]] < val]

        length = max(prefix_lengths) if prefix_lengths else 0

        if length == longest or val < arr[ends[length + 1]]:
            ends[length + 1] = i
            longest = length + 1

    return longest


","Line Number: 9

Line of Code: if length == longest or val < arr[ends[length + 1]]:

Reason: The variable 'ends' is initialized as an empty dictionary, so trying to access an index that may not exist in the dictionary could result in a KeyError.",197,59,9,if length == longest or val < arr[ends[length + 1]]:,"The variable 'ends' is initialized as an empty dictionary, so trying to access an index that may not exist in the dictionary could result in a KeyError."
longest_common_subsequence.py,"Please identify the bug in the following Python code snippet. 
                
Only indicate the location of the bug and the reason it is a bug (without providing a fix) in the format: 
                
Line Number: <Line number> (skip a line after the line number)
                
Line of Code: <Line of code with the bug> (skip a line after the code line)
                
Reason: <Reason without a fix>

Code:
def longest_common_subsequence(a, b):
    if not a or not b:
        return ''

    elif a[0] == b[0]:
        return a[0] + longest_common_subsequence(a[1:], b)

    else:
        return max(
            longest_common_subsequence(a, b[1:]),
            longest_common_subsequence(a[1:], b),
            key=len
        )


","Line Number: 11

Line of Code: return max(

Reason: The max function is not handling the case where multiple sequences have the same length, leading to unpredictable behavior.",179,36,11,return max(,"The max function is not handling the case where multiple sequences have the same length, leading to unpredictable behavior."
max_sublist_sum.py,"Please identify the bug in the following Python code snippet. 
                
Only indicate the location of the bug and the reason it is a bug (without providing a fix) in the format: 
                
Line Number: <Line number> (skip a line after the line number)
                
Line of Code: <Line of code with the bug> (skip a line after the code line)
                
Reason: <Reason without a fix>

Code:

def max_sublist_sum(arr):
    max_ending_here = 0
    max_so_far = 0

    for x in arr:
        max_ending_here = max_ending_here + x
        max_so_far = max(max_so_far, max_ending_here)

    return max_so_far

","Line Number: 7

Line of Code: max_so_far = max(max_so_far, max_ending_here)

Reason: The max function is being used incorrectly to update max_so_far.",159,39,7,"max_so_far = max(max_so_far, max_ending_here)",The max function is being used incorrectly to update max_so_far.
mergesort.py,"Please identify the bug in the following Python code snippet. 
                
Only indicate the location of the bug and the reason it is a bug (without providing a fix) in the format: 
                
Line Number: <Line number> (skip a line after the line number)
                
Line of Code: <Line of code with the bug> (skip a line after the code line)
                
Reason: <Reason without a fix>

Code:

def mergesort(arr):
    def merge(left, right):
        result = []
        i = 0
        j = 0
        while i < len(left) and j < len(right):
            if left[i] <= right[j]:
                result.append(left[i])
                i += 1
            else:
                result.append(right[j])
                j += 1
        result.extend(left[i:] or right[j:])
        return result

    if len(arr) == 0:
        return arr
    else:
        middle = len(arr) // 2
        left = mergesort(arr[:middle])
        right = mergesort(arr[middle:])
        return merge(left, right)


","Line Number: 16

Line of Code: result.extend(left[i:] or right[j:])

Reason: The logical operator 'or' in the line is not used correctly and may lead to unexpected behavior.",237,42,16,result.extend(left[i:] or right[j:]),The logical operator 'or' in the line is not used correctly and may lead to unexpected behavior.
minimum_spanning_tree.py,"Please identify the bug in the following Python code snippet. 
                
Only indicate the location of the bug and the reason it is a bug (without providing a fix) in the format: 
                
Line Number: <Line number> (skip a line after the line number)
                
Line of Code: <Line of code with the bug> (skip a line after the code line)
                
Reason: <Reason without a fix>

Code:

def minimum_spanning_tree(weight_by_edge):
    group_by_node = {}
    mst_edges = set()

    for edge in sorted(weight_by_edge, key=weight_by_edge.__getitem__):
        u, v = edge
        if group_by_node.setdefault(u, {u}) != group_by_node.setdefault(v, {v}):
            mst_edges.add(edge)
            group_by_node[u].update(group_by_node[v])
            for node in group_by_node[v]:
                group_by_node[node].update(group_by_node[u])

    return mst_edges



","Line Number: 8

Line of Code: if group_by_node.setdefault(u, {u}) != group_by_node.setdefault(v, {v}):

Reason: The comparison of sets using the != operator may not work as expected.",210,47,8,"if group_by_node.setdefault(u, {u}) != group_by_node.setdefault(v, {v}):",The comparison of sets using the != operator may not work as expected.
next_palindrome.py,"Please identify the bug in the following Python code snippet. 
                
Only indicate the location of the bug and the reason it is a bug (without providing a fix) in the format: 
                
Line Number: <Line number> (skip a line after the line number)
                
Line of Code: <Line of code with the bug> (skip a line after the code line)
                
Reason: <Reason without a fix>

Code:
def next_palindrome(digit_list):
    high_mid = len(digit_list) // 2
    low_mid = (len(digit_list) - 1) // 2
    while high_mid < len(digit_list) and low_mid >= 0:
        if digit_list[high_mid] == 9:
            digit_list[high_mid] = 0
            digit_list[low_mid] = 0
            high_mid += 1
            low_mid -= 1
        else:
            digit_list[high_mid] += 1
            if low_mid != high_mid:
                digit_list[low_mid] += 1
            return digit_list
    return [1] + (len(digit_list)) * [0] + [1]
","Line Number: 11

Line of Code: return digit_list

Reason: The return statement is not properly indented, it should be outside the while loop to signal the end of the function.",257,40,11,return digit_list,"The return statement is not properly indented, it should be outside the while loop to signal the end of the function."
next_permutation.py,"Please identify the bug in the following Python code snippet. 
                
Only indicate the location of the bug and the reason it is a bug (without providing a fix) in the format: 
                
Line Number: <Line number> (skip a line after the line number)
                
Line of Code: <Line of code with the bug> (skip a line after the code line)
                
Reason: <Reason without a fix>

Code:

def next_permutation(perm):
    for i in range(len(perm) - 2, -1, -1):
        if perm[i] < perm[i + 1]:
            for j in range(len(perm) - 1, i, -1):
                if perm[j] < perm[i]:
                    next_perm = list(perm)
                    next_perm[i], next_perm[j] = perm[j], perm[i]
                    next_perm[i + 1:] = reversed(next_perm[i + 1:])
                    return next_perm


","Line Number: 8

Line of Code: next_perm[i], next_perm[j] = perm[j], perm[i]

Reason: The code is mistakenly assigning values from the original 'perm' list instead of the new 'next_perm' list, which may lead to incorrect results.",206,57,8,"next_perm[i], next_perm[j] = perm[j], perm[i]","The code is mistakenly assigning values from the original 'perm' list instead of the new 'next_perm' list, which may lead to incorrect results."
node.py,"Please identify the bug in the following Python code snippet. 
                
Only indicate the location of the bug and the reason it is a bug (without providing a fix) in the format: 
                
Line Number: <Line number> (skip a line after the line number)
                
Line of Code: <Line of code with the bug> (skip a line after the code line)
                
Reason: <Reason without a fix>

Code:
class Node:
    def __init__(self, value=None, successor=None, successors=[], predecessors=[], incoming_nodes=[], outgoing_nodes=[]):
        self.value = value
        self.successor = successor
        self.successors = successors
        self.predecessors = predecessors
        self.incoming_nodes = incoming_nodes
        self.outgoing_nodes = outgoing_nodes

    def successor(self):
        return self.successor

    def successors(self):
        return self.successors

    def predecessors(self):
        return self.predecessors
","Line Number: 1

Line of Code: def __init__(self, value=None, successor=None, successors=[], predecessors=[], incoming_nodes=[], outgoing_nodes=[]):

Reason: Using mutable default arguments for function parameters may lead to unexpected behavior.",202,48,1,"def __init__(self, value=None, successor=None, successors=[], predecessors=[], incoming_nodes=[], outgoing_nodes=[]):",Using mutable default arguments for function parameters may lead to unexpected behavior.
pascal.py,"Please identify the bug in the following Python code snippet. 
                
Only indicate the location of the bug and the reason it is a bug (without providing a fix) in the format: 
                
Line Number: <Line number> (skip a line after the line number)
                
Line of Code: <Line of code with the bug> (skip a line after the code line)
                
Reason: <Reason without a fix>

Code:

def pascal(n):
    rows = [[1]]
    for r in range(1, n):
        row = []
        for c in range(0, r):
            upleft = rows[r - 1][c - 1] if c > 0 else 0
            upright = rows[r - 1][c] if c < r else 0
            row.append(upleft + upright)
        rows.append(row)

    return rows

","Line Number: 7

Line of Code: upright = rows[r - 1][c] if c < r else 0

Reason: The condition should be c < r - 1 instead of c < r because the index is zero-based.",190,52,7,upright = rows[r - 1][c] if c < r else 0,The condition should be c < r - 1 instead of c < r because the index is zero-based.
possible_change.py,"Please identify the bug in the following Python code snippet. 
                
Only indicate the location of the bug and the reason it is a bug (without providing a fix) in the format: 
                
Line Number: <Line number> (skip a line after the line number)
                
Line of Code: <Line of code with the bug> (skip a line after the code line)
                
Reason: <Reason without a fix>

Code:
# Python 3
def possible_change(coins, total):
    if total == 0:
        return 1
    if total < 0:
        return 0

    first, *rest = coins
    return possible_change(coins, total - first) + possible_change(rest, total)


","Line Number: 9

Line of Code: return possible_change(coins, total - first) + possible_change(rest, total)

Reason: The function calls itself recursively without decreasing the size of the input list 'coins' in each recursive call, leading to an infinite loop.",158,56,9,"return possible_change(coins, total - first) + possible_change(rest, total)","The function calls itself recursively without decreasing the size of the input list 'coins' in each recursive call, leading to an infinite loop."
powerset.py,"Please identify the bug in the following Python code snippet. 
                
Only indicate the location of the bug and the reason it is a bug (without providing a fix) in the format: 
                
Line Number: <Line number> (skip a line after the line number)
                
Line of Code: <Line of code with the bug> (skip a line after the code line)
                
Reason: <Reason without a fix>

Code:

def powerset(arr):
    if arr:
        first, *rest = arr #python3 just like car and cdr (in this case anyway..)
        rest_subsets = powerset(rest)
        return [[first] + subset for subset in rest_subsets]
    else:
        return [[]]

","Line Number: 6

Line of Code: return [[first] + subset for subset in rest_subsets]

Reason: The list comprehension is trying to concatenate elements of different types within the list.",156,40,6,return [[first] + subset for subset in rest_subsets],The list comprehension is trying to concatenate elements of different types within the list.
quicksort.py,"Please identify the bug in the following Python code snippet. 
                
Only indicate the location of the bug and the reason it is a bug (without providing a fix) in the format: 
                
Line Number: <Line number> (skip a line after the line number)
                
Line of Code: <Line of code with the bug> (skip a line after the code line)
                
Reason: <Reason without a fix>

Code:
def quicksort(arr):
    if not arr:
        return []

    pivot = arr[0]
    lesser = quicksort([x for x in arr[1:] if x < pivot])
    greater = quicksort([x for x in arr[1:] if x > pivot])
    return lesser + [pivot] + greater
","Line Number: 8

Line of Code: lesser + [pivot] + greater

Reason: The addition operator is used to concatenate lists, but it may not always result in a sorted list in the context of a quicksort algorithm.",163,48,8,lesser + [pivot] + greater,"The addition operator is used to concatenate lists, but it may not always result in a sorted list in the context of a quicksort algorithm."
reverse_linked_list.py,"Please identify the bug in the following Python code snippet. 
                
Only indicate the location of the bug and the reason it is a bug (without providing a fix) in the format: 
                
Line Number: <Line number> (skip a line after the line number)
                
Line of Code: <Line of code with the bug> (skip a line after the code line)
                
Reason: <Reason without a fix>

Code:
def reverse_linked_list(node):
    prevnode = None
    while node:
        nextnode = node.successor
        node.successor = prevnode
        node = nextnode
    return prevnode

","Line Number: 3

Line of Code: nextnode = node.successor

Reason: Python does not have a 'successor' attribute for linked list nodes. It should be 'next' instead.",138,42,3,nextnode = node.successor,Python does not have a 'successor' attribute for linked list nodes. It should be 'next' instead.
rpn_eval.py,"Please identify the bug in the following Python code snippet. 
                
Only indicate the location of the bug and the reason it is a bug (without providing a fix) in the format: 
                
Line Number: <Line number> (skip a line after the line number)
                
Line of Code: <Line of code with the bug> (skip a line after the code line)
                
Reason: <Reason without a fix>

Code:

def rpn_eval(tokens):
    def op(symbol, a, b):
        return {
            '+': lambda a, b: a + b,
            '-': lambda a, b: a - b,
            '*': lambda a, b: a * b,
            '/': lambda a, b: a / b
        }[symbol](a, b)

    stack = []

    for token in tokens:
        if isinstance(token, float):
            stack.append(token)
        else:
            a = stack.pop()
            b = stack.pop()
            stack.append(
                op(token, a, b)
            )

    return stack.pop()


","Line Number: 18

Line of Code: op(token, a, b)

Reason: The order of operands is incorrect for subtraction and division operations.",226,31,18,"op(token, a, b)",The order of operands is incorrect for subtraction and division operations.
shortest_paths.py,"Please identify the bug in the following Python code snippet. 
                
Only indicate the location of the bug and the reason it is a bug (without providing a fix) in the format: 
                
Line Number: <Line number> (skip a line after the line number)
                
Line of Code: <Line of code with the bug> (skip a line after the code line)
                
Reason: <Reason without a fix>

Code:

def shortest_paths(source, weight_by_edge):
    weight_by_node = {
        v: float('inf') for u, v in weight_by_edge
    }
    weight_by_node[source] = 0

    for i in range(len(weight_by_node) - 1):
        for (u, v), weight in weight_by_edge.items():
            weight_by_edge[u, v] = min(
                weight_by_node[u] + weight,
                weight_by_node[v]
            )

    return weight_by_node

","Line Number: 13

Line of Code: weight_by_edge[u, v] = min(
    
Reason: The calculation of the minimum weight in the shortest_paths function is incorrect.",200,37,13,"weight_by_edge[u, v] = min(",The calculation of the minimum weight in the shortest_paths function is incorrect.
shortest_path_length.py,"Please identify the bug in the following Python code snippet. 
                
Only indicate the location of the bug and the reason it is a bug (without providing a fix) in the format: 
                
Line Number: <Line number> (skip a line after the line number)
                
Line of Code: <Line of code with the bug> (skip a line after the code line)
                
Reason: <Reason without a fix>

Code:
from heapq import *

def shortest_path_length(length_by_edge, startnode, goalnode):
    unvisited_nodes = [] # FibHeap containing (node, distance) pairs
    heappush(unvisited_nodes, (0, startnode))
    visited_nodes = set()

    while len(unvisited_nodes) > 0:
        distance, node = heappop(unvisited_nodes)
        if node is goalnode:
            return distance

        visited_nodes.add(node)

        for nextnode in node.successors:
            if nextnode in visited_nodes:
                continue

            insert_or_update(unvisited_nodes,
                (min(
                    get(unvisited_nodes, nextnode) or float('inf'),
                    get(unvisited_nodes, nextnode) + length_by_edge[node, nextnode]
                ),
                nextnode)
            )

    return float('inf')


def get(node_heap, wanted_node):
    for dist, node in node_heap:
        if node == wanted_node:
            return dist
    return 0

def insert_or_update(node_heap, dist_node):
    dist, node = dist_node
    for i, tpl in enumerate(node_heap):
        a, b = tpl
        if b == node:
            node_heap[i] = dist_node #heapq retains sorted property
            return None

    heappush(node_heap, dist_node)
    return None
","Line Number: 24

Line of Code:     return 0

Reason: The `get` function should return `float('inf')` instead of `0` to represent unreachable nodes.",375,40,24,return 0,The `get` function should return `float('inf')` instead of `0` to represent unreachable nodes.
shortest_path_lengths.py,"Please identify the bug in the following Python code snippet. 
                
Only indicate the location of the bug and the reason it is a bug (without providing a fix) in the format: 
                
Line Number: <Line number> (skip a line after the line number)
                
Line of Code: <Line of code with the bug> (skip a line after the code line)
                
Reason: <Reason without a fix>

Code:
from collections import defaultdict

def shortest_path_lengths(n, length_by_edge):
    length_by_path = defaultdict(lambda: float('inf'))
    length_by_path.update({(i, i): 0 for i in range(n)})
    length_by_path.update(length_by_edge)

    for k in range(n):
        for i in range(n):
            for j in range(n):
                length_by_path[i, j] = min(
                    length_by_path[i, j],
                    length_by_path[i, k] + length_by_path[j, k]
                )

    return length_by_path

","Line Number: 15

Line of Code: length_by_path[i, j] = min(
Line  i, k] + length_by_path[j, k]
                    )

Reason: The order of terms in the min function is incorrect, it should be length_by_path[i, k] + length_by_path[k, j] instead of length_by_path[i, k] + length_by_path[j, k]",214,84,15,"length_by_path[i, j] = min(",")

The order of terms in the min function is incorrect, it should be length_by_path[i, k] + length_by_path[k, j] instead of length_by_path[i, k] + length_by_path[j, k]"
shunting_yard.py,"Please identify the bug in the following Python code snippet. 
                
Only indicate the location of the bug and the reason it is a bug (without providing a fix) in the format: 
                
Line Number: <Line number> (skip a line after the line number)
                
Line of Code: <Line of code with the bug> (skip a line after the code line)
                
Reason: <Reason without a fix>

Code:

def shunting_yard(tokens):
    precedence = {
        '+': 1,
        '-': 1,
        '*': 2,
        '/': 2
    }

    rpntokens = []
    opstack = []
    for token in tokens:
        if isinstance(token, int):
            rpntokens.append(token)
        else:
            while opstack and precedence[token] <= precedence[opstack[-1]]:
                rpntokens.append(opstack.pop())

    while opstack:
        rpntokens.append(opstack.pop())

    return rpntokens

","Line Number: 17

Line of Code: while opstack and precedence[token] <= precedence[opstack[-1]]:

Reason: The code does not handle the case when a token is not an operator.",210,42,17,while opstack and precedence[token] <= precedence[opstack[-1]]:,The code does not handle the case when a token is not an operator.
sieve.py,"Please identify the bug in the following Python code snippet. 
                
Only indicate the location of the bug and the reason it is a bug (without providing a fix) in the format: 
                
Line Number: <Line number> (skip a line after the line number)
                
Line of Code: <Line of code with the bug> (skip a line after the code line)
                
Reason: <Reason without a fix>

Code:
def sieve(max):
    primes = []
    for n in range(2, max + 1):
        if any(n % p > 0 for p in primes):
            primes.append(n)
    return primes
","Line Number: 4

Line of Code: if any(n % p > 0 for p in primes):

Reason: The conditional statement should check if the modulo is equal to 0 rather than greater than 0 to properly identify prime numbers.",139,50,4,if any(n % p > 0 for p in primes):,The conditional statement should check if the modulo is equal to 0 rather than greater than 0 to properly identify prime numbers.
sqrt.py,"Please identify the bug in the following Python code snippet. 
                
Only indicate the location of the bug and the reason it is a bug (without providing a fix) in the format: 
                
Line Number: <Line number> (skip a line after the line number)
                
Line of Code: <Line of code with the bug> (skip a line after the code line)
                
Reason: <Reason without a fix>

Code:

def sqrt(x, epsilon):
    approx = x / 2
    while abs(x - approx) > epsilon:
        approx = 0.5 * (approx + x / approx)
    return approx
","Line Number: 5

Line of Code: approx = 0.5 * (approx + x / approx)

Reason: Division by zero can occur if the value of 'approx' becomes 0, resulting in a ZeroDivisionError.",138,49,5,approx = 0.5 * (approx + x / approx),"Division by zero can occur if the value of 'approx' becomes 0, resulting in a ZeroDivisionError."
subsequences.py,"Please identify the bug in the following Python code snippet. 
                
Only indicate the location of the bug and the reason it is a bug (without providing a fix) in the format: 
                
Line Number: <Line number> (skip a line after the line number)
                
Line of Code: <Line of code with the bug> (skip a line after the code line)
                
Reason: <Reason without a fix>

Code:
def subsequences(a, b, k):
    if k == 0:
        return []

    ret = []
    for i in range(a, b + 1 - k):
        ret.extend(
            [i] + rest for rest in subsequences(i + 1, b, k - 1)
        )

    return ret



","Line Number: 8

Line of Code: for i in range(a, b + 1 - k):

Reason: The loop will not include the last value of B in the range due to the way it is calculated.",165,46,8,"for i in range(a, b + 1 - k):",The loop will not include the last value of B in the range due to the way it is calculated.
topological_ordering.py,"Please identify the bug in the following Python code snippet. 
                
Only indicate the location of the bug and the reason it is a bug (without providing a fix) in the format: 
                
Line Number: <Line number> (skip a line after the line number)
                
Line of Code: <Line of code with the bug> (skip a line after the code line)
                
Reason: <Reason without a fix>

Code:
def topological_ordering(nodes):
    ordered_nodes = [node for node in nodes if not node.incoming_nodes]

    for node in ordered_nodes:
        for nextnode in node.outgoing_nodes:
            if set(ordered_nodes).issuperset(nextnode.outgoing_nodes) and nextnode not in ordered_nodes:
                ordered_nodes.append(nextnode)

    return ordered_nodes
","Line Number: 8

Line of Code: if set(ordered_nodes).issuperset(nextnode.outgoing_nodes) and nextnode not in ordered_nodes:

Reason: The condition should be checking if the set of ordered_nodes is a superset of nextnode.incoming_nodes, not nextnode.outgoing_nodes.",172,64,8,if set(ordered_nodes).issuperset(nextnode.outgoing_nodes) and nextnode not in ordered_nodes:,"The condition should be checking if the set of ordered_nodes is a superset of nextnode.incoming_nodes, not nextnode.outgoing_nodes."
to_base.py,"Please identify the bug in the following Python code snippet. 
                
Only indicate the location of the bug and the reason it is a bug (without providing a fix) in the format: 
                
Line Number: <Line number> (skip a line after the line number)
                
Line of Code: <Line of code with the bug> (skip a line after the code line)
                
Reason: <Reason without a fix>

Code:

import string
def to_base(num, b):
    result = ''
    alphabet = string.digits + string.ascii_uppercase
    while num > 0:
        i = num % b
        num = num // b
        result = result + alphabet[i]
    return result


","Line Number: 8

Line of Code: result = result + alphabet[i]

Reason: Attempting to access the element 'i' which is potentially out of range in the 'alphabet' string.",154,41,8,result = result + alphabet[i],Attempting to access the element 'i' which is potentially out of range in the 'alphabet' string.
wrap.py,"Please identify the bug in the following Python code snippet. 
                
Only indicate the location of the bug and the reason it is a bug (without providing a fix) in the format: 
                
Line Number: <Line number> (skip a line after the line number)
                
Line of Code: <Line of code with the bug> (skip a line after the code line)
                
Reason: <Reason without a fix>

Code:
def wrap(text, cols):
    lines = []
    while len(text) > cols:
        end = text.rfind(' ', 0, cols + 1)
        if end == -1:
            end = cols
        line, text = text[:end], text[end:]
        lines.append(line)

    return lines
","Line Number: 5

Line of Code: end = text.rfind(' ', 0, cols + 1)

Reason: The rfind() method will only find the last occurrence of the space character before 'cols', which may not be at the end of the line.",162,57,5,"end = text.rfind(' ', 0, cols + 1)","The rfind() method will only find the last occurrence of the space character before 'cols', which may not be at the end of the line."
