File Name,Prompt,Full Response,Input Tokens Used,Output Tokens Used,Fault Localisation,Automatic Program Repair,fixed code
file_5,"Debug the following Java code snippet. Localise the bug(s) and provide a fix for the bug and a reason for the fix. 
Provide the full code snippet with the bugs fixed wrapped in a code block based on the following template structure:
    ```
        {
        ""Fault Localisation"": [
            {
            ""Code"": <Buggy code line>,
            ""Reason"": <Reason for the bug>
            },
            ...
        ]

        ""Automatic Program Repair"": [
            {
            ""Fixed Code"": <Fully fixed code, wrapped in a Java code block: ``` Java ```. Do not use 
 or 	>,
            ""Reason for Fix"": <Reason for the fix>
            },
        ]   
        }
    ```




Code Context: The output provides the Wrong Answer

Code:import java.util.*;


import java.lang.*;
import java.io.*;


public class Main {
	
	
	
    public static void main (String[] args) throws java.lang.Exception {
		PrintWriter out=new PrintWriter(System.out);
		FastReader sc = new FastReader();
		int testCases=1;

		
		while(testCases-->0) {
			
			long s=1;
			int q=sc.nextInt();
			int mod=998244353;
			Queue<Integer>st=new LinkedList<>();
			st.add(1);
			long pow=1;
			for(int i=0;i<q;i++) {
				int t=sc.nextInt();
				if(t==1) {
					int d=sc.nextInt();
					s=s*10%mod;
					s=(s+d)%mod;
					pow=pow*10%mod;
					st.add(d);
				}else if(t==2) {
					long d=st.isEmpty()?0:st.poll();
					d=d*pow%mod;
					pow=(pow*power(10,mod-2))%mod;
					s=(s-d+mod)%mod;
				}else if(t==3) {
					out.println(s);
				}
			}
		    
		}
		out.close();
	}

   public static long power(long a,long b) {
	   long res=1;
	   int mod=998244353;
	   while(b>0) {
		   res=(res*a)%mod;
		   a=(a*a)%mod;
		   b/=2;
	   }
	   return res;
   }

	public static boolean isPallindrome(String a,String b) {
		int n = a.length();
		for(int i=0;i<n;i++) if(a.charAt(i) != b.charAt(i)) return false;
		return true;
	}
	
	

	public static long gcd(long a, long b) {
		if(a==0) return b;
		return gcd(b%a,a);
	}

	private static long lcm(long a, long b) {
		return (a*b)/gcd(a,b);
	}
  
	static class FenWick{
		int n;
		int tree[];
		public FenWick(int n) {
			this.n=n;
			tree=new int[n];
		}
		public void add(int idx,int d) {
			while(idx<n) {
				tree[idx]+=d;
				idx+=(idx&(-idx));
			}
		}
		public int sum(int idx) {
			int sum=0;
			while(idx>0) {
				sum+=tree[idx];
				idx-=(idx&(-idx));
			}
			return sum;
		}
	}


	static class DSU{
		int parent[];
		int rank[];
		int size[];
		public DSU(int n) {
			this.parent = new int[n];
			this.rank = new int[n];
			size=new int[n];
			for(int i=0;i<n;i++) parent[i]=i;
			for(int i=0;i<n;i++) size[i]=1;
		}
		public int find(int x) {
			if(parent[x]==x) return x;
			return parent[x]=find(parent[x]);
		}
		public boolean union(int x,int y) {
			int px = find(x);
			int py = find(y);
			if(px == py) return false;
			if(rank[px]>rank[py]) {
				parent[py]=px;
				size[px]+=size[py];
			}
			else if(rank[py]>rank[px]) {
				parent[px]=py;
				size[py]+=size[px];
			}
			else {
				rank[px]++;
				parent[py]=px;
				size[px]+=size[py];
			}
			return true;

		}
	}

	static class FastReader {
		BufferedReader br;
		StringTokenizer st;

		public FastReader() {
			br = new BufferedReader(
					new InputStreamReader(System.in));
		}

		String next() {
			while (st == null || !st.hasMoreElements()) {
				try {
					st = new StringTokenizer(br.readLine());
				} catch (IOException e) {
					e.printStackTrace();
				}
			}
			return st.nextToken();
		}

		int nextInt() {
			return Integer.parseInt(next());
		}

		long nextLong() {
			return Long.parseLong(next());
		}

		double nextDouble() {
			return Double.parseDouble(next());
		}

		String nextLine() {
			String str = """";
			try {
				str = br.readLine();
			} catch (IOException e) {
				e.printStackTrace();
			}
			return str;
		}
	}

}

","```json
{
""Fault Localisation"": [
    {
    ""Code"": ""long d=st.isEmpty()?0:st.poll();"",
    ""Reason"": ""The variable 'd' should be of type 'int' because it stores the result of 'st.poll()', which returns an 'Integer'.  Casting a potentially large 'int' to 'long' only after the modulo operation can lead to incorrect results.""
    },
    {
    ""Code"": ""d=d*pow%mod;"",
    ""Reason"": ""The modulo operation should be applied at each step of the calculation to avoid potential integer overflow when 'd' and 'pow' are large.""
    }
],

""Automatic Program Repair"": [
    {
    ""Fixed Code"": ""```Java\nimport java.util.*;\nimport java.lang.*;\nimport java.io.*;\n\n\npublic class Main {\n\t\n\t\n    public static void main (String[] args) throws java.lang.Exception {\n\t\tPrintWriter out=new PrintWriter(System.out);\n\t\tFastReader sc = new FastReader();\n\t\tint testCases=1;\n\n\t\t\n\t\twhile(testCases-->0) {\n\t\t\t\n\t\t\tlong s=1;\n\t\t\tint q=sc.nextInt();\n\t\t\tint mod=998244353;\n\t\t\tQueue<Integer>st=new LinkedList<>();\n\t\t\tst.add(1);\n\t\t\tlong pow=1;\n\t\t\tfor(int i=0;i<q;i++) {\n\t\t\t\tint t=sc.nextInt();\n\t\t\t\tif(t==1) {\n\t\t\t\t\tint d=sc.nextInt();\n\t\t\t\t\ts=s*10%mod;\n\t\t\t\t\ts=(s+d)%mod;\n\t\t\t\t\tpow=pow*10%mod;\n\t\t\t\t\tst.add(d);\n\t\t\t\t}else if(t==2) {\n\t\t\t\t\tint d=st.isEmpty()?0:st.poll();\n\t\t\t\t\td=(int)((d * pow) % mod); // Fix: Apply modulo at each step\n\t\t\t\t\tpow=(pow*power(10,mod-2))%mod;\n\t\t\t\t\ts=(s-d+mod)%mod;\n\t\t\t\t}else if(t==3) {\n\t\t\t\t\tout.println(s);\n\t\t\t\t}\n\t\t\t}\n\t\t    \n\t\t}\n\t\tout.close();\n\t}\n\n   public static long power(long a,long b) {\n\t   long res=1;\n\t   int mod=998244353;\n\t   while(b>0) {\n\t\t   res=(res*a)%mod;\n\t\t   a=(a*a)%mod;\n\t\t   b/=2;\n\t   }\n\t   return res;\n   }\n\n\tpublic static boolean isPallindrome(String a,String b) {\n\t\tint n = a.length();\n\t\tfor(int i=0;i<n;i++) if(a.charAt(i) != b.charAt(i)) return false;\n\t\treturn true;\n\t}\n\t\n\t\n\n\tpublic static long gcd(long a, long b) {\n\t\tif(a==0) return b;\n\t\treturn gcd(b%a,a);\n\t}\n\n\tprivate static long lcm(long a, long b) {\n\t\treturn (a*b)/gcd(a,b);\n\t  }\n  \n\tstatic class FenWick{\n\t\tint n;\n\t\tint tree[];\n\t\tpublic FenWick(int n) {\n\t\t\tthis.n=n;\n\t\t\ttree=new int[n];\n\t\t}\n\t\tpublic void add(int idx,int d) {\n\t\t\twhile(idx<n) {\n\t\t\t\ttree[idx]+=d;\n\t\t\t\tidx+=(idx&(-idx));\n\t\t\t}\n\t\t}\n\t\tpublic int sum(int idx) {\n\t\t\tint sum=0;\n\t\t\twhile(idx>0) {\n\t\t\t\tsum+=tree[idx];\n\t\t\t\tidx-=(idx&(-idx));\n\t\t\t}\n\t\t\treturn sum;\n\t\t}\n\t}\n\n\n\tstatic class DSU{\n\t\tint parent[];\n\t\tint rank[];\n\t\tint size[];\n\t\tpublic DSU(int n) {\n\t\t\tthis.parent = new int[n];\n\t\t\tthis.rank = new int[n];\n\t\t\tsize=new int[n];\n\t\t\tfor(int i=0;i<n;i++) parent[i]=i;\n\t\t\tfor(int i=0;i<n;i++) size[i]=1;\n\t\t}\n\t\tpublic int find(int x) {\n\t\t\tif(parent[x]==x) return x;\n\t\t\treturn parent[x]=find(parent[x]);\n\t\t}\n\t\tpublic boolean union(int x,int y) {\n\t\t\tint px = find(x);\n\t\t\tint py = find(y);\n\t\t\tif(px == py) return false;\n\t\t\tif(rank[px]>rank[py]) {\n\t\t\t\tparent[py]=px;\n\t\t\t\tsize[px]+=size[py];\n\t\t\t}\n\t\t\telse if(rank[py]>rank[px]) {\n\t\t\t\tparent[px]=py;\n\t\t\t\tsize[py]+=size[px];\n\t\t\t}\n\t\t\telse {\n\t\t\t\trank[px]++;\n\t\t\t\tparent[py]=px;\n\t\t\t\tsize[px]+=size[py];\n\t\t\t}\n\t\t\treturn true;\n\n\t\t}\n\t}\n\n\tstatic class FastReader {\n\t\tBufferedReader br;\n\t\tStringTokenizer st;\n\n\t\tpublic FastReader() {\n\t\t\tbr = new BufferedReader(\n\t\t\t\t\tnew InputStreamReader(System.in));\n\t\t}\n\n\t\tString next() {\n\t\t\twhile (st == null || !st.hasMoreElements()) {\n\t\t\t\ttry {\n\t\t\t\t\tst = new StringTokenizer(br.readLine());\n\t\t\t\t} catch (IOException e) {\n\t\t\t\t\te.printStackTrace();\n\t\t\t\t}\n\t\t\t}\n\t\t\treturn st.nextToken();\n\t\t}\n\n\t\tint nextInt() {\n\t\t\treturn Integer.parseInt(next());\n\t\t}\n\n\t\tlong nextLong() {\n\t\t\treturn Long.parseLong(next());\n\t\t}\n\n\t\tdouble nextDouble() {\n\t\t\treturn Double.parseDouble(next());\n\t\t}\n\n\t\tString nextLine() {\n\t\t\tString str = \""\"";\n\t\t\ttry {\n\t\t\t\tstr = br.readLine();\n\t\t\t} catch (IOException e) {\n\t\t\t\te.printStackTrace();\n\t\t\t}\n\t\t\treturn str;\n\t\t}\n\t}\n\n}\n\n\n```"",
            ""Reason for Fix"": ""The code calculates a value based on a series of operations and a modulo. It's crucial to apply the modulo operation (%) at each step of the calculation, especially within loops or when dealing with potentially large numbers. This prevents intermediate results from becoming too large and exceeding the maximum value for the 'long' data type, which can lead to incorrect results. By applying the modulo at each step, we ensure that the values remain within a manageable range and maintain the correctness of the calculation.""
            },
        ]   
        }
```",1423,2257,"{
    ""Code"": ""long d=st.isEmpty()?0:st.poll();"",
    ""Reason"": ""The variable 'd' should be of type 'int' because it stores the result of 'st.poll()', which returns an 'Integer'.  Casting a potentially large 'int' to 'long' only after the modulo operation can lead to incorrect results.""
    },
    {
    ""Code"": ""d=d*pow%mod;"",
    ""Reason"": ""The modulo operation should be applied at each step of the calculation to avoid potential integer overflow when 'd' and 'pow' are large.""
    }","{
    ""Fixed Code"": ""```Java\nimport java.util.*;\nimport java.lang.*;\nimport java.io.*;\n\n\npublic class Main {\n\t\n\t\n    public static void main (String[] args) throws java.lang.Exception {\n\t\tPrintWriter out=new PrintWriter(System.out);\n\t\tFastReader sc = new FastReader();\n\t\tint testCases=1;\n\n\t\t\n\t\twhile(testCases-->0) {\n\t\t\t\n\t\t\tlong s=1;\n\t\t\tint q=sc.nextInt();\n\t\t\tint mod=998244353;\n\t\t\tQueue<Integer>st=new LinkedList<>();\n\t\t\tst.add(1);\n\t\t\tlong pow=1;\n\t\t\tfor(int i=0;i<q;i++) {\n\t\t\t\tint t=sc.nextInt();\n\t\t\t\tif(t==1) {\n\t\t\t\t\tint d=sc.nextInt();\n\t\t\t\t\ts=s*10%mod;\n\t\t\t\t\ts=(s+d)%mod;\n\t\t\t\t\tpow=pow*10%mod;\n\t\t\t\t\tst.add(d);\n\t\t\t\t}else if(t==2) {\n\t\t\t\t\tint d=st.isEmpty()?0:st.poll();\n\t\t\t\t\td=(int)((d * pow) % mod); // Fix: Apply modulo at each step\n\t\t\t\t\tpow=(pow*power(10,mod-2))%mod;\n\t\t\t\t\ts=(s-d+mod)%mod;\n\t\t\t\t}else if(t==3) {\n\t\t\t\t\tout.println(s);\n\t\t\t\t}\n\t\t\t}\n\t\t    \n\t\t}\n\t\tout.close();\n\t}\n\n   public static long power(long a,long b) {\n\t   long res=1;\n\t   int mod=998244353;\n\t   while(b>0) {\n\t\t   res=(res*a)%mod;\n\t\t   a=(a*a)%mod;\n\t\t   b/=2;\n\t   }\n\t   return res;\n   }\n\n\tpublic static boolean isPallindrome(String a,String b) {\n\t\tint n = a.length();\n\t\tfor(int i=0;i<n;i++) if(a.charAt(i) != b.charAt(i)) return false;\n\t\treturn true;\n\t}\n\t\n\t\n\n\tpublic static long gcd(long a, long b) {\n\t\tif(a==0) return b;\n\t\treturn gcd(b%a,a);\n\t}\n\n\tprivate static long lcm(long a, long b) {\n\t\treturn (a*b)/gcd(a,b);\n\t  }\n  \n\tstatic class FenWick{\n\t\tint n;\n\t\tint tree[];\n\t\tpublic FenWick(int n) {\n\t\t\tthis.n=n;\n\t\t\ttree=new int[n];\n\t\t}\n\t\tpublic void add(int idx,int d) {\n\t\t\twhile(idx<n) {\n\t\t\t\ttree[idx]+=d;\n\t\t\t\tidx+=(idx&(-idx));\n\t\t\t}\n\t\t}\n\t\tpublic int sum(int idx) {\n\t\t\tint sum=0;\n\t\t\twhile(idx>0) {\n\t\t\t\tsum+=tree[idx];\n\t\t\t\tidx-=(idx&(-idx));\n\t\t\t}\n\t\t\treturn sum;\n\t\t}\n\t}\n\n\n\tstatic class DSU{\n\t\tint parent[];\n\t\tint rank[];\n\t\tint size[];\n\t\tpublic DSU(int n) {\n\t\t\tthis.parent = new int[n];\n\t\t\tthis.rank = new int[n];\n\t\t\tsize=new int[n];\n\t\t\tfor(int i=0;i<n;i++) parent[i]=i;\n\t\t\tfor(int i=0;i<n;i++) size[i]=1;\n\t\t}\n\t\tpublic int find(int x) {\n\t\t\tif(parent[x]==x) return x;\n\t\t\treturn parent[x]=find(parent[x]);\n\t\t}\n\t\tpublic boolean union(int x,int y) {\n\t\t\tint px = find(x);\n\t\t\tint py = find(y);\n\t\t\tif(px == py) return false;\n\t\t\tif(rank[px]>rank[py]) {\n\t\t\t\tparent[py]=px;\n\t\t\t\tsize[px]+=size[py];\n\t\t\t}\n\t\t\telse if(rank[py]>rank[px]) {\n\t\t\t\tparent[px]=py;\n\t\t\t\tsize[py]+=size[px];\n\t\t\t}\n\t\t\telse {\n\t\t\t\trank[px]++;\n\t\t\t\tparent[py]=px;\n\t\t\t\tsize[px]+=size[py];\n\t\t\t}\n\t\t\treturn true;\n\n\t\t}\n\t}\n\n\tstatic class FastReader {\n\t\tBufferedReader br;\n\t\tStringTokenizer st;\n\n\t\tpublic FastReader() {\n\t\t\tbr = new BufferedReader(\n\t\t\t\t\tnew InputStreamReader(System.in));\n\t\t}\n\n\t\tString next() {\n\t\t\twhile (st == null || !st.hasMoreElements()) {\n\t\t\t\ttry {\n\t\t\t\t\tst = new StringTokenizer(br.readLine());\n\t\t\t\t} catch (IOException e) {\n\t\t\t\t\te.printStackTrace();\n\t\t\t\t}\n\t\t\t}\n\t\t\treturn st.nextToken();\n\t\t}\n\n\t\tint nextInt() {\n\t\t\treturn Integer.parseInt(next());\n\t\t}\n\n\t\tlong nextLong() {\n\t\t\treturn Long.parseLong(next());\n\t\t}\n\n\t\tdouble nextDouble() {\n\t\t\treturn Double.parseDouble(next());\n\t\t}\n\n\t\tString nextLine() {\n\t\t\tString str = \""\"";\n\t\t\ttry {\n\t\t\t\tstr = br.readLine();\n\t\t\t} catch (IOException e) {\n\t\t\t\te.printStackTrace();\n\t\t\t}\n\t\t\treturn str;\n\t\t}\n\t}\n\n}\n\n\n```"",
            ""Reason for Fix"": ""The code calculates a value based on a series of operations and a modulo. It's crucial to apply the modulo operation (%) at each step of the calculation, especially within loops or when dealing with potentially large numbers. This prevents intermediate results from becoming too large and exceeding the maximum value for the 'long' data type, which can lead to incorrect results. By applying the modulo at each step, we ensure that the values remain within a manageable range and maintain the correctness of the calculation.""
            },",
